{
  "code": 1,
  "data": {
    "verified": [
      {
        "order_id": "1589",
        "order_transac": "1502262083",
        "order_total_price": "0.00",
        "order_trip_id": "12",
        "order_verified": "1",
        "order_paid": "0"
      },
      {
        "order_id": "1587",
        "order_transac": "1502260425",
        "order_total_price": "0.00",
        "order_trip_id": "1",
        "order_verified": "1",
        "order_paid": "0"
      },
      {
        "order_id": "1585",
        "order_transac": "1502260056",
        "order_total_price": "4136.00",
        "order_trip_id": "12",
        "order_verified": "1",
        "order_paid": "0"
      },
      {
        "order_id": "1584",
        "order_transac": "1502260055",
        "order_total_price": "0.00",
        "order_trip_id": "11",
        "order_verified": "1",
        "order_paid": "0"
      },
      {
        "order_id": "1576",
        "order_transac": "1502255924",
        "order_total_price": "0.00",
        "order_trip_id": "2",
        "order_verified": "1",
        "order_paid": "0"
      },
      {
        "order_id": "1573",
        "order_transac": "1502249287",
        "order_total_price": "5874.00",
        "order_trip_id": "13",
        "order_verified": "1",
        "order_paid": "0"
      },
      {
        "order_id": "1568",
        "order_transac": "1502208459",
        "order_total_price": "0.00",
        "order_trip_id": "12",
        "order_verified": "1",
        "order_paid": "0"
      },
      {
        "order_id": "1563",
        "order_transac": "1502205406",
        "order_total_price": "8395.00",
        "order_trip_id": "9",
        "order_verified": "1",
        "order_paid": "0"
      },
      {
        "order_id": "1562",
        "order_transac": "1502205192",
        "order_total_price": "0.00",
        "order_trip_id": "9",
        "order_verified": "1",
        "order_paid": "0"
      },
      {
        "order_id": "1559",
        "order_transac": "1502203247",
        "order_total_price": "5596.00",
        "order_trip_id": "12",
        "order_verified": "1",
        "order_paid": "0"
      },
      {
        "order_id": "1550",
        "order_transac": "1502200864",
        "order_total_price": "5596.00",
        "order_trip_id": "13",
        "order_verified": "1",
        "order_paid": "0"
      },
      {
        "order_id": "1538",
        "order_transac": "1502196605",
        "order_total_price": "7336.00",
        "order_trip_id": "8",
        "order_verified": "1",
        "order_paid": "0"
      },
      {
        "order_id": "1527",
        "order_transac": "1502188839",
        "order_total_price": "5874.00",
        "order_trip_id": "13",
        "order_verified": "1",
        "order_paid": "0"
      },
      {
        "order_id": "1523",
        "order_transac": "1502185326",
        "order_total_price": "8965.00",
        "order_trip_id": "6",
        "order_verified": "1",
        "order_paid": "0"
      },
      {
        "order_id": "1516",
        "order_transac": "1502182512",
        "order_total_price": "4727.00",
        "order_trip_id": "2",
        "order_verified": "1",
        "order_paid": "0"
      },
      {
        "order_id": "1512",
        "order_transac": "1502180018",
        "order_total_price": "7495.00",
        "order_trip_id": "9",
        "order_verified": "1",
        "order_paid": "0"
      },
      {
        "order_id": "1511",
        "order_transac": "1502178827",
        "order_total_price": "5707.00",
        "order_trip_id": "1",
        "order_verified": "1",
        "order_paid": "0"
      },
      {
        "order_id": "1497",
        "order_transac": "1502174961",
        "order_total_price": "4136.00",
        "order_trip_id": "1",
        "order_verified": "1",
        "order_paid": "0"
      },
      {
        "order_id": "1496",
        "order_transac": "1502174810",
        "order_total_price": "5874.00",
        "order_trip_id": "12",
        "order_verified": "1",
        "order_paid": "0"
      },
      {
        "order_id": "1490",
        "order_transac": "1502174432",
        "order_total_price": "4876.00",
        "order_trip_id": "12",
        "order_verified": "1",
        "order_paid": "0"
      },
      {
        "order_id": "1480",
        "order_transac": "1502173211",
        "order_total_price": "4857.00",
        "order_trip_id": "7",
        "order_verified": "1",
        "order_paid": "0"
      },
      {
        "order_id": "1473",
        "order_transac": "1502172260",
        "order_total_price": "5646.00",
        "order_trip_id": "9",
        "order_verified": "1",
        "order_paid": "0"
      },
      {
        "order_id": "1462",
        "order_transac": "1502171657",
        "order_total_price": "0.00",
        "order_trip_id": "9",
        "order_verified": "1",
        "order_paid": "0"
      },
      {
        "order_id": "1460",
        "order_transac": "1502171618",
        "order_total_price": "3267.00",
        "order_trip_id": "2",
        "order_verified": "1",
        "order_paid": "0"
      },
      {
        "order_id": "1456",
        "order_transac": "1502171365",
        "order_total_price": "0.00",
        "order_trip_id": "9",
        "order_verified": "1",
        "order_paid": "0"
      },
      {
        "order_id": "1454",
        "order_transac": "1502171164",
        "order_total_price": "0.00",
        "order_trip_id": "1",
        "order_verified": "1",
        "order_paid": "0"
      },
      {
        "order_id": "1453",
        "order_transac": "1502171117",
        "order_total_price": "5745.00",
        "order_trip_id": "1",
        "order_verified": "1",
        "order_paid": "0"
      },
      {
        "order_id": "1443",
        "order_transac": "1502170670",
        "order_total_price": "0.00",
        "order_trip_id": "6",
        "order_verified": "1",
        "order_paid": "0"
      },
      {
        "order_id": "1440",
        "order_transac": "1502170517",
        "order_total_price": "5874.00",
        "order_trip_id": "1",
        "order_verified": "1",
        "order_paid": "0"
      },
      {
        "order_id": "1432",
        "order_transac": "1502170292",
        "order_total_price": "0.00",
        "order_trip_id": "12",
        "order_verified": "1",
        "order_paid": "0"
      },
      {
        "order_id": "1430",
        "order_transac": "1502170189",
        "order_total_price": "0.00",
        "order_trip_id": "12",
        "order_verified": "1",
        "order_paid": "0"
      },
      {
        "order_id": "1424",
        "order_transac": "1502170006",
        "order_total_price": "0.00",
        "order_trip_id": "12",
        "order_verified": "1",
        "order_paid": "0"
      },
      {
        "order_id": "1418",
        "order_transac": "1502169846",
        "order_total_price": "0.00",
        "order_trip_id": "12",
        "order_verified": "1",
        "order_paid": "0"
      },
      {
        "order_id": "1414",
        "order_transac": "1502169748",
        "order_total_price": "0.00",
        "order_trip_id": "14",
        "order_verified": "1",
        "order_paid": "0"
      },
      {
        "order_id": "1406",
        "order_transac": "1502167097",
        "order_total_price": "4727.00",
        "order_trip_id": "1",
        "order_verified": "1",
        "order_paid": "0"
      },
      {
        "order_id": "1402",
        "order_transac": "1502162157",
        "order_total_price": "8836.00",
        "order_trip_id": "6",
        "order_verified": "1",
        "order_paid": "0"
      }
    ],
    "unverified": [
      {
        "order_id": "1591",
        "order_transac": "1502262335",
        "order_total_price": "9037.00",
        "order_trip_id": "14",
        "order_verified": "0",
        "order_paid": "0"
      },
      {
        "order_id": "1590",
        "order_transac": "1502262102",
        "order_total_price": "0.00",
        "order_trip_id": "12",
        "order_verified": "0",
        "order_paid": "0"
      },
      {
        "order_id": "1588",
        "order_transac": "1502260903",
        "order_total_price": "0.00",
        "order_trip_id": "12",
        "order_verified": "0",
        "order_paid": "0"
      },
      {
        "order_id": "1586",
        "order_transac": "1502260200",
        "order_total_price": "9037.00",
        "order_trip_id": "14",
        "order_verified": "0",
        "order_paid": "0"
      },
      {
        "order_id": "1583",
        "order_transac": "1502260044",
        "order_total_price": "0.00",
        "order_trip_id": "12",
        "order_verified": "0",
        "order_paid": "0"
      },
      {
        "order_id": "1582",
        "order_transac": "1502260020",
        "order_total_price": "0.00",
        "order_trip_id": "11",
        "order_verified": "0",
        "order_paid": "0"
      },
      {
        "order_id": "1581",
        "order_transac": "1502259928",
        "order_total_price": "0.00",
        "order_trip_id": "13",
        "order_verified": "0",
        "order_paid": "0"
      },
      {
        "order_id": "1580",
        "order_transac": "1502259652",
        "order_total_price": "3267.00",
        "order_trip_id": "12",
        "order_verified": "0",
        "order_paid": "0"
      },
      {
        "order_id": "1578",
        "order_transac": "1502257866",
        "order_total_price": "0.00",
        "order_trip_id": "14",
        "order_verified": "0",
        "order_paid": "0"
      },
      {
        "order_id": "1574",
        "order_transac": "1502252035",
        "order_total_price": "0.00",
        "order_trip_id": "13",
        "order_verified": "0",
        "order_paid": "0"
      },
      {
        "order_id": "1572",
        "order_transac": "1502247547",
        "order_total_price": "0.00",
        "order_trip_id": "12",
        "order_verified": "0",
        "order_paid": "0"
      },
      {
        "order_id": "1571",
        "order_transac": "1502240222",
        "order_total_price": "0.00",
        "order_trip_id": "11",
        "order_verified": "0",
        "order_paid": "0"
      },
      {
        "order_id": "1570",
        "order_transac": "1502240197",
        "order_total_price": "0.00",
        "order_trip_id": "11",
        "order_verified": "0",
        "order_paid": "0"
      },
      {
        "order_id": "1569",
        "order_transac": "1502237400",
        "order_total_price": "9667.00",
        "order_trip_id": "6",
        "order_verified": "0",
        "order_paid": "0"
      },
      {
        "order_id": "1567",
        "order_transac": "1502207895",
        "order_total_price": "0.00",
        "order_trip_id": "14",
        "order_verified": "0",
        "order_paid": "0"
      },
      {
        "order_id": "1566",
        "order_transac": "1502205807",
        "order_total_price": "0.00",
        "order_trip_id": "2",
        "order_verified": "0",
        "order_paid": "0"
      },
      {
        "order_id": "1565",
        "order_transac": "1502205709",
        "order_total_price": "0.00",
        "order_trip_id": "2",
        "order_verified": "0",
        "order_paid": "0"
      },
      {
        "order_id": "1564",
        "order_transac": "1502205697",
        "order_total_price": "0.00",
        "order_trip_id": "2",
        "order_verified": "0",
        "order_paid": "0"
      },
      {
        "order_id": "1561",
        "order_transac": "1502205081",
        "order_total_price": "5596.00",
        "order_trip_id": "12",
        "order_verified": "0",
        "order_paid": "0"
      },
      {
        "order_id": "1560",
        "order_transac": "1502203940",
        "order_total_price": "5596.00",
        "order_trip_id": "12",
        "order_verified": "0",
        "order_paid": "0"
      },
      {
        "order_id": "1558",
        "order_transac": "1502202655",
        "order_total_price": "4876.00",
        "order_trip_id": "12",
        "order_verified": "0",
        "order_paid": "0"
      },
      {
        "order_id": "1557",
        "order_transac": "1502202586",
        "order_total_price": "0.00",
        "order_trip_id": "12",
        "order_verified": "0",
        "order_paid": "0"
      },
      {
        "order_id": "1556",
        "order_transac": "1502202570",
        "order_total_price": "0.00",
        "order_trip_id": "12",
        "order_verified": "0",
        "order_paid": "0"
      },
      {
        "order_id": "1555",
        "order_transac": "1502201870",
        "order_total_price": "4727.00",
        "order_trip_id": "12",
        "order_verified": "0",
        "order_paid": "0"
      },
      {
        "order_id": "1554",
        "order_transac": "1502201424",
        "order_total_price": "4727.00",
        "order_trip_id": "13",
        "order_verified": "0",
        "order_paid": "0"
      },
      {
        "order_id": "1553",
        "order_transac": "1502201129",
        "order_total_price": "10323.00",
        "order_trip_id": "13",
        "order_verified": "0",
        "order_paid": "0"
      },
      {
        "order_id": "1552",
        "order_transac": "1502201062",
        "order_total_price": "7445.00",
        "order_trip_id": "13",
        "order_verified": "0",
        "order_paid": "0"
      },
      {
        "order_id": "1551",
        "order_transac": "1502200918",
        "order_total_price": "6576.00",
        "order_trip_id": "13",
        "order_verified": "0",
        "order_paid": "0"
      },
      {
        "order_id": "1549",
        "order_transac": "1502200543",
        "order_total_price": "6576.00",
        "order_trip_id": "13",
        "order_verified": "0",
        "order_paid": "0"
      },
      {
        "order_id": "1548",
        "order_transac": "1502200112",
        "order_total_price": "0.00",
        "order_trip_id": "12",
        "order_verified": "0",
        "order_paid": "0"
      },
      {
        "order_id": "1547",
        "order_transac": "1502200021",
        "order_total_price": "0.00",
        "order_trip_id": "2",
        "order_verified": "0",
        "order_paid": "0"
      },
      {
        "order_id": "1545",
        "order_transac": "1502199326",
        "order_total_price": "7445.00",
        "order_trip_id": "13",
        "order_verified": "0",
        "order_paid": "0"
      },
      {
        "order_id": "1544",
        "order_transac": "1502199282",
        "order_total_price": "0.00",
        "order_trip_id": "13",
        "order_verified": "0",
        "order_paid": "0"
      },
      {
        "order_id": "1543",
        "order_transac": "1502198504",
        "order_total_price": "0.00",
        "order_trip_id": "1",
        "order_verified": "0",
        "order_paid": "0"
      },
      {
        "order_id": "1542",
        "order_transac": "1502197693",
        "order_total_price": "9055.00",
        "order_trip_id": "7",
        "order_verified": "0",
        "order_paid": "0"
      },
      {
        "order_id": "1541",
        "order_transac": "1502197003",
        "order_total_price": "12336.00",
        "order_trip_id": "3",
        "order_verified": "0",
        "order_paid": "0"
      },
      {
        "order_id": "1540",
        "order_transac": "1502196881",
        "order_total_price": "13014.00",
        "order_trip_id": "6",
        "order_verified": "0",
        "order_paid": "0"
      },
      {
        "order_id": "1539",
        "order_transac": "1502196643",
        "order_total_price": "5005.00",
        "order_trip_id": "12",
        "order_verified": "0",
        "order_paid": "0"
      },
      {
        "order_id": "1537",
        "order_transac": "1502195090",
        "order_total_price": "0.00",
        "order_trip_id": "1",
        "order_verified": "0",
        "order_paid": "0"
      },
      {
        "order_id": "1536",
        "order_transac": "1502194544",
        "order_total_price": "0.00",
        "order_trip_id": "1",
        "order_verified": "0",
        "order_paid": "0"
      },
      {
        "order_id": "1535",
        "order_transac": "1502193560",
        "order_total_price": "0.00",
        "order_trip_id": "13",
        "order_verified": "0",
        "order_paid": "0"
      },
      {
        "order_id": "1534",
        "order_transac": "1502193529",
        "order_total_price": "0.00",
        "order_trip_id": "13",
        "order_verified": "0",
        "order_paid": "0"
      },
      {
        "order_id": "1533",
        "order_transac": "1502193256",
        "order_total_price": "0.00",
        "order_trip_id": "14",
        "order_verified": "0",
        "order_paid": "0"
      },
      {
        "order_id": "1532",
        "order_transac": "1502192955",
        "order_total_price": "5874.00",
        "order_trip_id": "13",
        "order_verified": "0",
        "order_paid": "0"
      },
      {
        "order_id": "1531",
        "order_transac": "1502192645",
        "order_total_price": "0.00",
        "order_trip_id": "12",
        "order_verified": "0",
        "order_paid": "0"
      },
      {
        "order_id": "1530",
        "order_transac": "1502192592",
        "order_total_price": "0.00",
        "order_trip_id": "12",
        "order_verified": "0",
        "order_paid": "0"
      },
      {
        "order_id": "1529",
        "order_transac": "1502190420",
        "order_total_price": "0.00",
        "order_trip_id": "12",
        "order_verified": "0",
        "order_paid": "0"
      },
      {
        "order_id": "1528",
        "order_transac": "1502189898",
        "order_total_price": "0.00",
        "order_trip_id": "1",
        "order_verified": "0",
        "order_paid": "0"
      },
      {
        "order_id": "1526",
        "order_transac": "1502187733",
        "order_total_price": "0.00",
        "order_trip_id": "13",
        "order_verified": "0",
        "order_paid": "0"
      },
      {
        "order_id": "1525",
        "order_transac": "1502187715",
        "order_total_price": "0.00",
        "order_trip_id": "13",
        "order_verified": "0",
        "order_paid": "0"
      },
      {
        "order_id": "1524",
        "order_transac": "1502185666",
        "order_total_price": "5745.00",
        "order_trip_id": "1",
        "order_verified": "0",
        "order_paid": "0"
      },
      {
        "order_id": "1521",
        "order_transac": "1502184577",
        "order_total_price": "5646.00",
        "order_trip_id": "9",
        "order_verified": "0",
        "order_paid": "0"
      },
      {
        "order_id": "1520",
        "order_transac": "1502184576",
        "order_total_price": "0.00",
        "order_trip_id": "9",
        "order_verified": "0",
        "order_paid": "0"
      },
      {
        "order_id": "1519",
        "order_transac": "1502184234",
        "order_total_price": "5005.00",
        "order_trip_id": "12",
        "order_verified": "0",
        "order_paid": "0"
      },
      {
        "order_id": "1518",
        "order_transac": "1502183603",
        "order_total_price": "4136.00",
        "order_trip_id": "13",
        "order_verified": "0",
        "order_paid": "0"
      },
      {
        "order_id": "1517",
        "order_transac": "1502183527",
        "order_total_price": "0.00",
        "order_trip_id": "12",
        "order_verified": "0",
        "order_paid": "0"
      },
      {
        "order_id": "1515",
        "order_transac": "1502181946",
        "order_total_price": "5596.00",
        "order_trip_id": "2",
        "order_verified": "0",
        "order_paid": "0"
      },
      {
        "order_id": "1514",
        "order_transac": "1502181401",
        "order_total_price": "0.00",
        "order_trip_id": "1",
        "order_verified": "0",
        "order_paid": "0"
      },
      {
        "order_id": "1513",
        "order_transac": "1502180030",
        "order_total_price": "5596.00",
        "order_trip_id": "2",
        "order_verified": "0",
        "order_paid": "0"
      },
      {
        "order_id": "1510",
        "order_transac": "1502178128",
        "order_total_price": "4727.00",
        "order_trip_id": "2",
        "order_verified": "0",
        "order_paid": "0"
      },
      {
        "order_id": "1509",
        "order_transac": "1502177136",
        "order_total_price": "0.00",
        "order_trip_id": "9",
        "order_verified": "0",
        "order_paid": "0"
      },
      {
        "order_id": "1508",
        "order_transac": "1502176572",
        "order_total_price": "0.00",
        "order_trip_id": "9",
        "order_verified": "0",
        "order_paid": "0"
      },
      {
        "order_id": "1506",
        "order_transac": "1502176349",
        "order_total_price": "0.00",
        "order_trip_id": "12",
        "order_verified": "0",
        "order_paid": "0"
      },
      {
        "order_id": "1505",
        "order_transac": "1502176301",
        "order_total_price": "0.00",
        "order_trip_id": "9",
        "order_verified": "0",
        "order_paid": "0"
      },
      {
        "order_id": "1504",
        "order_transac": "1502176040",
        "order_total_price": "0.00",
        "order_trip_id": "12",
        "order_verified": "0",
        "order_paid": "0"
      },
      {
        "order_id": "1503",
        "order_transac": "1502176038",
        "order_total_price": "0.00",
        "order_trip_id": "12",
        "order_verified": "0",
        "order_paid": "0"
      },
      {
        "order_id": "1502",
        "order_transac": "1502176017",
        "order_total_price": "0.00",
        "order_trip_id": "12",
        "order_verified": "0",
        "order_paid": "0"
      },
      {
        "order_id": "1501",
        "order_transac": "1502176012",
        "order_total_price": "0.00",
        "order_trip_id": "9",
        "order_verified": "0",
        "order_paid": "0"
      },
      {
        "order_id": "1500",
        "order_transac": "1502175792",
        "order_total_price": "0.00",
        "order_trip_id": "13",
        "order_verified": "0",
        "order_paid": "0"
      },
      {
        "order_id": "1499",
        "order_transac": "1502175709",
        "order_total_price": "0.00",
        "order_trip_id": "12",
        "order_verified": "0",
        "order_paid": "0"
      },
      {
        "order_id": "1495",
        "order_transac": "1502174775",
        "order_total_price": "0.00",
        "order_trip_id": "12",
        "order_verified": "0",
        "order_paid": "0"
      },
      {
        "order_id": "1494",
        "order_transac": "1502174751",
        "order_total_price": "0.00",
        "order_trip_id": "1",
        "order_verified": "0",
        "order_paid": "0"
      },
      {
        "order_id": "1492",
        "order_transac": "1502174544",
        "order_total_price": "0.00",
        "order_trip_id": "1",
        "order_verified": "0",
        "order_paid": "0"
      },
      {
        "order_id": "1491",
        "order_transac": "1502174474",
        "order_total_price": "0.00",
        "order_trip_id": "9",
        "order_verified": "0",
        "order_paid": "0"
      },
      {
        "order_id": "1489",
        "order_transac": "1502174341",
        "order_total_price": "0.00",
        "order_trip_id": "2",
        "order_verified": "0",
        "order_paid": "0"
      },
      {
        "order_id": "1488",
        "order_transac": "1502174114",
        "order_total_price": "0.00",
        "order_trip_id": "12",
        "order_verified": "0",
        "order_paid": "0"
      },
      {
        "order_id": "1487",
        "order_transac": "1502174018",
        "order_total_price": "0.00",
        "order_trip_id": "14",
        "order_verified": "0",
        "order_paid": "0"
      },
      {
        "order_id": "1486",
        "order_transac": "1502173923",
        "order_total_price": "0.00",
        "order_trip_id": "12",
        "order_verified": "0",
        "order_paid": "0"
      },
      {
        "order_id": "1485",
        "order_transac": "1502173866",
        "order_total_price": "5874.00",
        "order_trip_id": "1",
        "order_verified": "0",
        "order_paid": "0"
      },
      {
        "order_id": "1484",
        "order_transac": "1502173748",
        "order_total_price": "0.00",
        "order_trip_id": "12",
        "order_verified": "0",
        "order_paid": "0"
      },
      {
        "order_id": "1483",
        "order_transac": "1502173685",
        "order_total_price": "5596.00",
        "order_trip_id": "1",
        "order_verified": "0",
        "order_paid": "0"
      },
      {
        "order_id": "1482",
        "order_transac": "1502173548",
        "order_total_price": "0.00",
        "order_trip_id": "1",
        "order_verified": "0",
        "order_paid": "0"
      },
      {
        "order_id": "1481",
        "order_transac": "1502173512",
        "order_total_price": "3267.00",
        "order_trip_id": "12",
        "order_verified": "0",
        "order_paid": "0"
      },
      {
        "order_id": "1479",
        "order_transac": "1502173202",
        "order_total_price": "0.00",
        "order_trip_id": "7",
        "order_verified": "0",
        "order_paid": "0"
      },
      {
        "order_id": "1477",
        "order_transac": "1502173052",
        "order_total_price": "0.00",
        "order_trip_id": "12",
        "order_verified": "0",
        "order_paid": "0"
      },
      {
        "order_id": "1476",
        "order_transac": "1502173031",
        "order_total_price": "0.00",
        "order_trip_id": "12",
        "order_verified": "0",
        "order_paid": "0"
      },
      {
        "order_id": "1475",
        "order_transac": "1502172939",
        "order_total_price": "0.00",
        "order_trip_id": "13",
        "order_verified": "0",
        "order_paid": "0"
      },
      {
        "order_id": "1474",
        "order_transac": "1502172447",
        "order_total_price": "0.00",
        "order_trip_id": "9",
        "order_verified": "0",
        "order_paid": "0"
      },
      {
        "order_id": "1472",
        "order_transac": "1502171969",
        "order_total_price": "0.00",
        "order_trip_id": "14",
        "order_verified": "0",
        "order_paid": "0"
      },
      {
        "order_id": "1471",
        "order_transac": "1502171947",
        "order_total_price": "0.00",
        "order_trip_id": "1",
        "order_verified": "0",
        "order_paid": "0"
      },
      {
        "order_id": "1470",
        "order_transac": "1502171856",
        "order_total_price": "0.00",
        "order_trip_id": "14",
        "order_verified": "0",
        "order_paid": "0"
      },
      {
        "order_id": "1469",
        "order_transac": "1502171847",
        "order_total_price": "4136.00",
        "order_trip_id": "12",
        "order_verified": "0",
        "order_paid": "0"
      },
      {
        "order_id": "1468",
        "order_transac": "1502171833",
        "order_total_price": "0.00",
        "order_trip_id": "1",
        "order_verified": "0",
        "order_paid": "0"
      },
      {
        "order_id": "1467",
        "order_transac": "1502171810",
        "order_total_price": "0.00",
        "order_trip_id": "1",
        "order_verified": "0",
        "order_paid": "0"
      },
      {
        "order_id": "1466",
        "order_transac": "1502171752",
        "order_total_price": "0.00",
        "order_trip_id": "12",
        "order_verified": "0",
        "order_paid": "0"
      },
      {
        "order_id": "1465",
        "order_transac": "1502171745",
        "order_total_price": "0.00",
        "order_trip_id": "14",
        "order_verified": "0",
        "order_paid": "0"
      },
      {
        "order_id": "1464",
        "order_transac": "1502171671",
        "order_total_price": "0.00",
        "order_trip_id": "1",
        "order_verified": "0",
        "order_paid": "0"
      },
      {
        "order_id": "1463",
        "order_transac": "1502171665",
        "order_total_price": "0.00",
        "order_trip_id": "2",
        "order_verified": "0",
        "order_paid": "0"
      },
      {
        "order_id": "1459",
        "order_transac": "1502171544",
        "order_total_price": "0.00",
        "order_trip_id": "13",
        "order_verified": "0",
        "order_paid": "0"
      },
      {
        "order_id": "1458",
        "order_transac": "1502171482",
        "order_total_price": "0.00",
        "order_trip_id": "13",
        "order_verified": "0",
        "order_paid": "0"
      },
      {
        "order_id": "1455",
        "order_transac": "1502171295",
        "order_total_price": "0.00",
        "order_trip_id": "1",
        "order_verified": "0",
        "order_paid": "0"
      },
      {
        "order_id": "1452",
        "order_transac": "1502171052",
        "order_total_price": "0.00",
        "order_trip_id": "12",
        "order_verified": "0",
        "order_paid": "0"
      },
      {
        "order_id": "1451",
        "order_transac": "1502171023",
        "order_total_price": "0.00",
        "order_trip_id": "12",
        "order_verified": "0",
        "order_paid": "0"
      },
      {
        "order_id": "1450",
        "order_transac": "1502171005",
        "order_total_price": "0.00",
        "order_trip_id": "3",
        "order_verified": "0",
        "order_paid": "0"
      },
      {
        "order_id": "1449",
        "order_transac": "1502170996",
        "order_total_price": "0.00",
        "order_trip_id": "4",
        "order_verified": "0",
        "order_paid": "0"
      },
      {
        "order_id": "1448",
        "order_transac": "1502170972",
        "order_total_price": "3267.00",
        "order_trip_id": "1",
        "order_verified": "0",
        "order_paid": "0"
      },
      {
        "order_id": "1447",
        "order_transac": "1502170922",
        "order_total_price": "0.00",
        "order_trip_id": "1",
        "order_verified": "0",
        "order_paid": "0"
      },
      {
        "order_id": "1446",
        "order_transac": "1502170908",
        "order_total_price": "0.00",
        "order_trip_id": "12",
        "order_verified": "0",
        "order_paid": "0"
      },
      {
        "order_id": "1445",
        "order_transac": "1502170708",
        "order_total_price": "0.00",
        "order_trip_id": "1",
        "order_verified": "0",
        "order_paid": "0"
      },
      {
        "order_id": "1444",
        "order_transac": "1502170693",
        "order_total_price": "0.00",
        "order_trip_id": "1",
        "order_verified": "0",
        "order_paid": "0"
      },
      {
        "order_id": "1442",
        "order_transac": "1502170668",
        "order_total_price": "0.00",
        "order_trip_id": "12",
        "order_verified": "0",
        "order_paid": "0"
      },
      {
        "order_id": "1441",
        "order_transac": "1502170611",
        "order_total_price": "0.00",
        "order_trip_id": "1",
        "order_verified": "0",
        "order_paid": "0"
      },
      {
        "order_id": "1439",
        "order_transac": "1502170469",
        "order_total_price": "0.00",
        "order_trip_id": "12",
        "order_verified": "0",
        "order_paid": "0"
      },
      {
        "order_id": "1438",
        "order_transac": "1502170440",
        "order_total_price": "0.00",
        "order_trip_id": "1",
        "order_verified": "0",
        "order_paid": "0"
      },
      {
        "order_id": "1437",
        "order_transac": "1502170439",
        "order_total_price": "0.00",
        "order_trip_id": "2",
        "order_verified": "0",
        "order_paid": "0"
      },
      {
        "order_id": "1436",
        "order_transac": "1502170371",
        "order_total_price": "0.00",
        "order_trip_id": "1",
        "order_verified": "0",
        "order_paid": "0"
      },
      {
        "order_id": "1435",
        "order_transac": "1502170360",
        "order_total_price": "0.00",
        "order_trip_id": "9",
        "order_verified": "0",
        "order_paid": "0"
      },
      {
        "order_id": "1431",
        "order_transac": "1502170244",
        "order_total_price": "0.00",
        "order_trip_id": "12",
        "order_verified": "0",
        "order_paid": "0"
      },
      {
        "order_id": "1423",
        "order_transac": "1502169998",
        "order_total_price": "0.00",
        "order_trip_id": "12",
        "order_verified": "0",
        "order_paid": "0"
      },
      {
        "order_id": "1422",
        "order_transac": "1502169989",
        "order_total_price": "0.00",
        "order_trip_id": "2",
        "order_verified": "0",
        "order_paid": "0"
      },
      {
        "order_id": "1421",
        "order_transac": "1502169950",
        "order_total_price": "0.00",
        "order_trip_id": "2",
        "order_verified": "0",
        "order_paid": "0"
      },
      {
        "order_id": "1420",
        "order_transac": "1502169934",
        "order_total_price": "0.00",
        "order_trip_id": "14",
        "order_verified": "0",
        "order_paid": "0"
      },
      {
        "order_id": "1419",
        "order_transac": "1502169918",
        "order_total_price": "4136.00",
        "order_trip_id": "12",
        "order_verified": "0",
        "order_paid": "0"
      },
      {
        "order_id": "1417",
        "order_transac": "1502169831",
        "order_total_price": "0.00",
        "order_trip_id": "9",
        "order_verified": "0",
        "order_paid": "0"
      },
      {
        "order_id": "1415",
        "order_transac": "1502169767",
        "order_total_price": "0.00",
        "order_trip_id": "12",
        "order_verified": "0",
        "order_paid": "0"
      },
      {
        "order_id": "1411",
        "order_transac": "1502169539",
        "order_total_price": "0.00",
        "order_trip_id": "12",
        "order_verified": "0",
        "order_paid": "0"
      },
      {
        "order_id": "1410",
        "order_transac": "1502169525",
        "order_total_price": "0.00",
        "order_trip_id": "5",
        "order_verified": "0",
        "order_paid": "0"
      },
      {
        "order_id": "1409",
        "order_transac": "1502169488",
        "order_total_price": "0.00",
        "order_trip_id": "12",
        "order_verified": "0",
        "order_paid": "0"
      },
      {
        "order_id": "1408",
        "order_transac": "1502169434",
        "order_total_price": "0.00",
        "order_trip_id": "9",
        "order_verified": "0",
        "order_paid": "0"
      },
      {
        "order_id": "1407",
        "order_transac": "1502169407",
        "order_total_price": "0.00",
        "order_trip_id": "8",
        "order_verified": "0",
        "order_paid": "0"
      },
      {
        "order_id": "1403",
        "order_transac": "1502163055",
        "order_total_price": "0.00",
        "order_trip_id": "2",
        "order_verified": "0",
        "order_paid": "0"
      },
      {
        "order_id": "1401",
        "order_transac": "1502162146",
        "order_total_price": "0.00",
        "order_trip_id": "6",
        "order_verified": "0",
        "order_paid": "0"
      },
      {
        "order_id": "1400",
        "order_transac": "1502162140",
        "order_total_price": "0.00",
        "order_trip_id": "6",
        "order_verified": "0",
        "order_paid": "0"
      },
      {
        "order_id": "1399",
        "order_transac": "1502161660",
        "order_total_price": "0.00",
        "order_trip_id": "8",
        "order_verified": "0",
        "order_paid": "0"
      },
      {
        "order_id": "1398",
        "order_transac": "1502161281",
        "order_total_price": "0.00",
        "order_trip_id": "7",
        "order_verified": "0",
        "order_paid": "0"
      }
    ],
    "paid": [
      {
        "order_id": "1575",
        "order_transac": "1502252054",
        "order_total_price": "4136.00",
        "order_trip_id": "13",
        "order_verified": "1",
        "order_paid": "1"
      }
    ]
  },
  "msg": "success"
}